Title,Image,Link
bmani Wireless Earbuds Bluetooth Headphones 48hrs Play Back Sport Earphones with LED Display Over-Ear Buds with Earhooks Built-in Mic Headset for Workout Pink,https://m.media-amazon.com/images/I/710mzTUvUiL._AC_UY218_.jpg,https://www.amazon.com/sspa/click?ie=UTF8&spc=MTo2MTEyNjgyOTg1MjYyNTg1OjE3NDUzMDM0Njc6c3BfYXRmOjMwMDU5NjYwODIzNDkwMjo6MDo6&url=%2FWireless-Bluetooth-Headphones-Earphones-BMANI-VEAT00L%2Fdp%2FB09JC3S2PN%2Fref%3Dsr_1_1_sspa%3Fdib%3DeyJ2IjoiMSJ9.EaSCvnISkG9DUzpobt9ceiMphwYaxUn2uLTp130-lle0zSzPG-hbOlBlN8yvA9l9pMlFfW2QBa9ESEUcvlrBNg_yJoQOLAIlIX7kPup3tgWzCVMRD_tgVOPcwLlD3DVhcf05ToT5yZDmOMRB4Ai9laZ-SBj7u4SwFauxFKjNQajHc5ds0qcXnALNvcr3o69kjdMOCsBfvGIPoVh325DAvEgO4b7W3vAPj1JxErF8Mro.hfAVvR82aGfu7TVJs7T5bNyPuptLykNTVuPIDu7UknY%26dib_tag%3Dse%26keywords%3Dhead%2Bphones%26qid%3D1745303467%26sr%3D8-1-spons%26sp_csd%3Dd2lkZ2V0TmFtZT1zcF9hdGY%26psc%3D1
"KVIDIO Bluetooth Headphones Over Ear, 65 Hours Playtime Wireless Headphones with Microphone,Foldable Lightweight Headset with Bass and Stereo Sound",https://m.media-amazon.com/images/I/618xHHUXIcL._AC_UY218_.jpg,https://www.amazon.com/sspa/click?ie=UTF8&spc=MTo2MTEyNjgyOTg1MjYyNTg1OjE3NDUzMDM0Njc6c3BfYXRmOjIwMDA0MTg5NzAwMTQ5ODo6MDo6&url=%2FBluetooth-Headphones-KVIDIO-Microphone-Lightweight%2Fdp%2FB09HC4441Y%2Fref%3Dsr_1_2_sspa%3Fdib%3DeyJ2IjoiMSJ9.EaSCvnISkG9DUzpobt9ceiMphwYaxUn2uLTp130-lle0zSzPG-hbOlBlN8yvA9l9pMlFfW2QBa9ESEUcvlrBNg_yJoQOLAIlIX7kPup3tgWzCVMRD_tgVOPcwLlD3DVhcf05ToT5yZDmOMRB4Ai9laZ-SBj7u4SwFauxFKjNQajHc5ds0qcXnALNvcr3o69kjdMOCsBfvGIPoVh325DAvEgO4b7W3vAPj1JxErF8Mro.hfAVvR82aGfu7TVJs7T5bNyPuptLykNTVuPIDu7UknY%26dib_tag%3Dse%26keywords%3Dhead%2Bphones%26qid%3D1745303467%26sr%3D8-2-spons%26sp_csd%3Dd2lkZ2V0TmFtZT1zcF9hdGY%26psc%3D1
"Wireless Earbuds, 2025 Ear Buds with Big Bass Stereo Sound, Lightweight Bluetooth Earbuds with 48 Hours Playtime, in-Ear Fit Earphones, IPX7, Hands-Free Calls with AI for iPhone, Android, Pad",https://m.media-amazon.com/images/I/61zn4FzsUWL._AC_UY218_.jpg,https://www.amazon.com/ZZU-Lightweight-Bluetooth-Earphones-Hands-Free/dp/B0DWZQLMY9/ref=sr_1_3?dib=eyJ2IjoiMSJ9.EaSCvnISkG9DUzpobt9ceiMphwYaxUn2uLTp130-lle0zSzPG-hbOlBlN8yvA9l9pMlFfW2QBa9ESEUcvlrBNg_yJoQOLAIlIX7kPup3tgWzCVMRD_tgVOPcwLlD3DVhcf05ToT5yZDmOMRB4Ai9laZ-SBj7u4SwFauxFKjNQajHc5ds0qcXnALNvcr3o69kjdMOCsBfvGIPoVh325DAvEgO4b7W3vAPj1JxErF8Mro.hfAVvR82aGfu7TVJs7T5bNyPuptLykNTVuPIDu7UknY&dib_tag=se&keywords=head+phones&qid=1745303467&sr=8-3
"JBL Tune 510BT - Bluetooth headphones with up to 40 hours battery, microphone for call, foldable and comfortable, Android and iOs compatible (Black)",https://m.media-amazon.com/images/I/61kFL7ywsZS._AC_UY218_.jpg,https://www.amazon.com/JBL-Tune-510BT-Ear-Headphones/dp/B08WM3LMJF/ref=sr_1_4?dib=eyJ2IjoiMSJ9.EaSCvnISkG9DUzpobt9ceiMphwYaxUn2uLTp130-lle0zSzPG-hbOlBlN8yvA9l9pMlFfW2QBa9ESEUcvlrBNg_yJoQOLAIlIX7kPup3tgWzCVMRD_tgVOPcwLlD3DVhcf05ToT5yZDmOMRB4Ai9laZ-SBj7u4SwFauxFKjNQajHc5ds0qcXnALNvcr3o69kjdMOCsBfvGIPoVh325DAvEgO4b7W3vAPj1JxErF8Mro.hfAVvR82aGfu7TVJs7T5bNyPuptLykNTVuPIDu7UknY&dib_tag=se&keywords=head+phones&qid=1745303467&sr=8-4
"BERIBES Bluetooth Headphones Over Ear, 65H Playtime and 6 EQ Music Modes Wireless Headphones with Microphone, HiFi Stereo Foldable Lightweight Headset, Deep Bass for Home Office Cellphone PC Ect.",https://m.media-amazon.com/images/I/71F2ccIPPLL._AC_UY218_.jpg,https://www.amazon.com/BERIBES-Bluetooth-Headphones-Microphone-Lightweight/dp/B09LYF2ST7/ref=sr_1_5?dib=eyJ2IjoiMSJ9.EaSCvnISkG9DUzpobt9ceiMphwYaxUn2uLTp130-lle0zSzPG-hbOlBlN8yvA9l9pMlFfW2QBa9ESEUcvlrBNg_yJoQOLAIlIX7kPup3tgWzCVMRD_tgVOPcwLlD3DVhcf05ToT5yZDmOMRB4Ai9laZ-SBj7u4SwFauxFKjNQajHc5ds0qcXnALNvcr3o69kjdMOCsBfvGIPoVh325DAvEgO4b7W3vAPj1JxErF8Mro.hfAVvR82aGfu7TVJs7T5bNyPuptLykNTVuPIDu7UknY&dib_tag=se&keywords=head+phones&qid=1745303467&sr=8-5
"JBL Vibe Beam - True Wireless JBL Deep Bass Sound Earbuds, Bluetooth 5.2, Water & Dust Resistant, Hands-free call with VoiceAware, Up to 32 hours of battery life (Black)",https://m.media-amazon.com/images/I/41+1Csr1pSL._AC_UY218_.jpg,https://www.amazon.com/JBL-Vibe-Beam-Wireless-Headphones/dp/B0BQPNMXQV/ref=sr_1_6?dib=eyJ2IjoiMSJ9.EaSCvnISkG9DUzpobt9ceiMphwYaxUn2uLTp130-lle0zSzPG-hbOlBlN8yvA9l9pMlFfW2QBa9ESEUcvlrBNg_yJoQOLAIlIX7kPup3tgWzCVMRD_tgVOPcwLlD3DVhcf05ToT5yZDmOMRB4Ai9laZ-SBj7u4SwFauxFKjNQajHc5ds0qcXnALNvcr3o69kjdMOCsBfvGIPoVh325DAvEgO4b7W3vAPj1JxErF8Mro.hfAVvR82aGfu7TVJs7T5bNyPuptLykNTVuPIDu7UknY&dib_tag=se&keywords=head+phones&qid=1745303467&sr=8-6
"Amazon Basics Bluetooth Headphones with Microphone, Wireless, On Ear, 35 Hour Playtime, Foldable, One Size, Black",https://m.media-amazon.com/images/I/712wyKsNmML._AC_UY218_.jpg,https://www.amazon.com/sspa/click?ie=UTF8&spc=MTo2MTEyNjgyOTg1MjYyNTg1OjE3NDUzMDM0Njc6c3BfbXRmOjMwMDEyNDY4MjcyODUwMjo6MDo6&url=%2FAmazon-Basics-Bluetooth-Wireless-Headphones%2Fdp%2FB0BVM1PSYN%2Fref%3Dsr_1_7_ffob_sspa%3Fdib%3DeyJ2IjoiMSJ9.EaSCvnISkG9DUzpobt9ceiMphwYaxUn2uLTp130-lle0zSzPG-hbOlBlN8yvA9l9pMlFfW2QBa9ESEUcvlrBNg_yJoQOLAIlIX7kPup3tgWzCVMRD_tgVOPcwLlD3DVhcf05ToT5yZDmOMRB4Ai9laZ-SBj7u4SwFauxFKjNQajHc5ds0qcXnALNvcr3o69kjdMOCsBfvGIPoVh325DAvEgO4b7W3vAPj1JxErF8Mro.hfAVvR82aGfu7TVJs7T5bNyPuptLykNTVuPIDu7UknY%26dib_tag%3Dse%26keywords%3Dhead%2Bphones%26qid%3D1745303467%26sr%3D8-7-spons%26sp_csd%3Dd2lkZ2V0TmFtZT1zcF9tdGY%26psc%3D1
"Beats Studio Pro - Wireless Bluetooth Noise Cancelling Headphones - Personalized Spatial Audio, USB-C Lossless Audio, Apple & Android Compatibility, Up to 40 Hours Battery Life - Sandstone",https://m.media-amazon.com/images/I/51t0IE0zjaL._AC_UY218_.jpg,https://www.amazon.com/Beats-Studio-Pro-Personalized-Compatibility/dp/B0C8PSMPTH/ref=sr_1_8?dib=eyJ2IjoiMSJ9.EaSCvnISkG9DUzpobt9ceiMphwYaxUn2uLTp130-lle0zSzPG-hbOlBlN8yvA9l9pMlFfW2QBa9ESEUcvlrBNg_yJoQOLAIlIX7kPup3tgWzCVMRD_tgVOPcwLlD3DVhcf05ToT5yZDmOMRB4Ai9laZ-SBj7u4SwFauxFKjNQajHc5ds0qcXnALNvcr3o69kjdMOCsBfvGIPoVh325DAvEgO4b7W3vAPj1JxErF8Mro.hfAVvR82aGfu7TVJs7T5bNyPuptLykNTVuPIDu7UknY&dib_tag=se&keywords=head+phones&qid=1745303467&sr=8-8
"Wireless Earbuds 75hrs Bluetooth 5.4 Headphone Sport, 2025 Bluetooth Earbuds Stereo Deep Bass Over Ear Bud with Earhooks, ENC Noise Cancelling Mic, IPX7 Waterproof Earphone for Workout/Running",https://m.media-amazon.com/images/I/71NMUHszF4L._AC_UY218_.jpg,https://www.amazon.com/Wireless-Bluetooth-Headphone-Cancelling-Waterproof/dp/B0CSXV3GK4/ref=sr_1_9?dib=eyJ2IjoiMSJ9.EaSCvnISkG9DUzpobt9ceiMphwYaxUn2uLTp130-lle0zSzPG-hbOlBlN8yvA9l9pMlFfW2QBa9ESEUcvlrBNg_yJoQOLAIlIX7kPup3tgWzCVMRD_tgVOPcwLlD3DVhcf05ToT5yZDmOMRB4Ai9laZ-SBj7u4SwFauxFKjNQajHc5ds0qcXnALNvcr3o69kjdMOCsBfvGIPoVh325DAvEgO4b7W3vAPj1JxErF8Mro.hfAVvR82aGfu7TVJs7T5bNyPuptLykNTVuPIDu7UknY&dib_tag=se&keywords=head+phones&qid=1745303467&sr=8-9
"Picun B8 Bluetooth Headphones, 120H Playtime Headphones Wireless Bluetooth with 3 EQ Modes, Low Latency, Hands-Free Calls, Over Ear Headphones for Travel Home Office Cellphone PC Black",https://m.media-amazon.com/images/I/714leNyXHIL._AC_UY218_.jpg,https://www.amazon.com/Picun-B8-Bluetooth-Headphones-Hands-Free/dp/B0CFV9XR2Q/ref=sr_1_10?dib=eyJ2IjoiMSJ9.EaSCvnISkG9DUzpobt9ceiMphwYaxUn2uLTp130-lle0zSzPG-hbOlBlN8yvA9l9pMlFfW2QBa9ESEUcvlrBNg_yJoQOLAIlIX7kPup3tgWzCVMRD_tgVOPcwLlD3DVhcf05ToT5yZDmOMRB4Ai9laZ-SBj7u4SwFauxFKjNQajHc5ds0qcXnALNvcr3o69kjdMOCsBfvGIPoVh325DAvEgO4b7W3vAPj1JxErF8Mro.hfAVvR82aGfu7TVJs7T5bNyPuptLykNTVuPIDu7UknY&dib_tag=se&keywords=head+phones&qid=1745303467&sr=8-10
"JBL Tune 520BT - Wireless On-Ear Headphones, Up to 57H Battery Life and Speed Charge, Lightweight, Comfortable and Foldable Design, Hands-Free Calls with Voice Aware (Purple)",https://m.media-amazon.com/images/I/61mz7WxnjdL._AC_UY218_.jpg,https://www.amazon.com/JBL-Tune-520BT-Ear-Lightweight/dp/B0CQ1HP3RX/ref=sr_1_11?dib=eyJ2IjoiMSJ9.EaSCvnISkG9DUzpobt9ceiMphwYaxUn2uLTp130-lle0zSzPG-hbOlBlN8yvA9l9pMlFfW2QBa9ESEUcvlrBNg_yJoQOLAIlIX7kPup3tgWzCVMRD_tgVOPcwLlD3DVhcf05ToT5yZDmOMRB4Ai9laZ-SBj7u4SwFauxFKjNQajHc5ds0qcXnALNvcr3o69kjdMOCsBfvGIPoVh325DAvEgO4b7W3vAPj1JxErF8Mro.hfAVvR82aGfu7TVJs7T5bNyPuptLykNTVuPIDu7UknY&dib_tag=se&keywords=head+phones&qid=1745303467&sr=8-11
"Y01 Wireless Over Ear Headphones, Noise Canceling Bluetooth 5.3 Headphones with Microphones,Hi-Res Audio,48H Playtime,Foldable,Breathable Soft Earpads for iOS/Android/Samsung/PC-Silver",https://m.media-amazon.com/images/I/61PwRC9pC0L._AC_UY218_.jpg,https://www.amazon.com/sspa/click?ie=UTF8&spc=MTo2MTEyNjgyOTg1MjYyNTg1OjE3NDUzMDM0Njc6c3BfbXRmOjMwMDczMDQ4MzE1MzIwMjo6MDo6&url=%2FWentronic-Y01-Headphones-Microphones-Breathable%2Fdp%2FB0DNVLLW7Y%2Fref%3Dsr_1_12_sspa%3Fdib%3DeyJ2IjoiMSJ9.EaSCvnISkG9DUzpobt9ceiMphwYaxUn2uLTp130-lle0zSzPG-hbOlBlN8yvA9l9pMlFfW2QBa9ESEUcvlrBNg_yJoQOLAIlIX7kPup3tgWzCVMRD_tgVOPcwLlD3DVhcf05ToT5yZDmOMRB4Ai9laZ-SBj7u4SwFauxFKjNQajHc5ds0qcXnALNvcr3o69kjdMOCsBfvGIPoVh325DAvEgO4b7W3vAPj1JxErF8Mro.hfAVvR82aGfu7TVJs7T5bNyPuptLykNTVuPIDu7UknY%26dib_tag%3Dse%26keywords%3Dhead%2Bphones%26qid%3D1745303467%26sr%3D8-12-spons%26sp_csd%3Dd2lkZ2V0TmFtZT1zcF9tdGY%26psc%3D1
"Sony WH-CH520 Wireless Headphones Bluetooth On-Ear Headset with Microphone, Black New",https://m.media-amazon.com/images/I/41lArSiD5hL._AC_UY218_.jpg,https://www.amazon.com/Sony-WH-CH520-Headphones-Bluetooth-Microphone/dp/B0BS1PRC4L/ref=sr_1_13?dib=eyJ2IjoiMSJ9.EaSCvnISkG9DUzpobt9ceiMphwYaxUn2uLTp130-lle0zSzPG-hbOlBlN8yvA9l9pMlFfW2QBa9ESEUcvlrBNg_yJoQOLAIlIX7kPup3tgWzCVMRD_tgVOPcwLlD3DVhcf05ToT5yZDmOMRB4Ai9laZ-SBj7u4SwFauxFKjNQajHc5ds0qcXnALNvcr3o69kjdMOCsBfvGIPoVh325DAvEgO4b7W3vAPj1JxErF8Mro.hfAVvR82aGfu7TVJs7T5bNyPuptLykNTVuPIDu7UknY&dib_tag=se&keywords=head+phones&qid=1745303467&sr=8-13
"Soundcore by Anker P20i True Wireless Earbuds, 10mm Drivers with Big Bass, Bluetooth 5.3, 30H Long Playtime, Water-Resistant, 2 Mics for AI Clear Calls, 22 Preset EQs, Customization via App",https://m.media-amazon.com/images/I/5181ILcyQJL._AC_UY218_.jpg,https://www.amazon.com/Soundcore-Wireless-Bluetooth-Water-Resistant-Customization/dp/B0BTYCRJSS/ref=sr_1_14?dib=eyJ2IjoiMSJ9.EaSCvnISkG9DUzpobt9ceiMphwYaxUn2uLTp130-lle0zSzPG-hbOlBlN8yvA9l9pMlFfW2QBa9ESEUcvlrBNg_yJoQOLAIlIX7kPup3tgWzCVMRD_tgVOPcwLlD3DVhcf05ToT5yZDmOMRB4Ai9laZ-SBj7u4SwFauxFKjNQajHc5ds0qcXnALNvcr3o69kjdMOCsBfvGIPoVh325DAvEgO4b7W3vAPj1JxErF8Mro.hfAVvR82aGfu7TVJs7T5bNyPuptLykNTVuPIDu7UknY&dib_tag=se&keywords=head+phones&qid=1745303467&sr=8-14
"KVIDIO Bluetooth Headphones Over Ear, 65 Hours Playtime Wireless Headphones with Microphone, Foldable Lightweight Headset with Deep Bass, HiFi Stereo Sound for Travel Work Cellphone",https://m.media-amazon.com/images/I/71Hx8b6HGbL._AC_UY218_.jpg,https://www.amazon.com/Bluetooth-Headphones-KVIDIO-Microphone-Lightweight/dp/B09BF64J55/ref=sr_1_15?dib=eyJ2IjoiMSJ9.EaSCvnISkG9DUzpobt9ceiMphwYaxUn2uLTp130-lle0zSzPG-hbOlBlN8yvA9l9pMlFfW2QBa9ESEUcvlrBNg_yJoQOLAIlIX7kPup3tgWzCVMRD_tgVOPcwLlD3DVhcf05ToT5yZDmOMRB4Ai9laZ-SBj7u4SwFauxFKjNQajHc5ds0qcXnALNvcr3o69kjdMOCsBfvGIPoVh325DAvEgO4b7W3vAPj1JxErF8Mro.hfAVvR82aGfu7TVJs7T5bNyPuptLykNTVuPIDu7UknY&dib_tag=se&keywords=head+phones&qid=1745303467&sr=8-15
"Sony WH-1000XM4 Wireless Premium Noise Canceling Overhead Headphones with Mic for Phone-Call and Alexa Voice Control, Midnight Blue WH1000XM4",https://m.media-amazon.com/images/I/61AQDfwqfqL._AC_UY218_.jpg,https://www.amazon.com/Sony-WH-1000XM4-Canceling-Headphones-Phone-Call/dp/B08MVGF24M/ref=sr_1_16?dib=eyJ2IjoiMSJ9.EaSCvnISkG9DUzpobt9ceiMphwYaxUn2uLTp130-lle0zSzPG-hbOlBlN8yvA9l9pMlFfW2QBa9ESEUcvlrBNg_yJoQOLAIlIX7kPup3tgWzCVMRD_tgVOPcwLlD3DVhcf05ToT5yZDmOMRB4Ai9laZ-SBj7u4SwFauxFKjNQajHc5ds0qcXnALNvcr3o69kjdMOCsBfvGIPoVh325DAvEgO4b7W3vAPj1JxErF8Mro.hfAVvR82aGfu7TVJs7T5bNyPuptLykNTVuPIDu7UknY&dib_tag=se&keywords=head+phones&qid=1745303467&sr=8-16
"Wireless Earbuds, 2025 Bluetooth 5.4 Headphones in Ear with 4 ENC Noise Cancelling Mic, New Wireless Earphones HiFi Stereo Deep Bass 40H Playtime, LED, In-Ear Bluetooth Ear Buds IP7 Waterproof, USB-C",https://m.media-amazon.com/images/I/61aFcD5ju9L._AC_UY218_.jpg,https://www.amazon.com/sspa/click?ie=UTF8&spc=MTo2MTEyNjgyOTg1MjYyNTg1OjE3NDUzMDM0Njc6c3BfbXRmOjMwMDU4NDcyMTQxMzQwMjo6MDo6&url=%2FBluetooth-Headphones-Cancelling-Earphones-Waterproof%2Fdp%2FB0DJ4N18NB%2Fref%3Dsr_1_17_sspa%3Fdib%3DeyJ2IjoiMSJ9.EaSCvnISkG9DUzpobt9ceiMphwYaxUn2uLTp130-lle0zSzPG-hbOlBlN8yvA9l9pMlFfW2QBa9ESEUcvlrBNg_yJoQOLAIlIX7kPup3tgWzCVMRD_tgVOPcwLlD3DVhcf05ToT5yZDmOMRB4Ai9laZ-SBj7u4SwFauxFKjNQajHc5ds0qcXnALNvcr3o69kjdMOCsBfvGIPoVh325DAvEgO4b7W3vAPj1JxErF8Mro.hfAVvR82aGfu7TVJs7T5bNyPuptLykNTVuPIDu7UknY%26dib_tag%3Dse%26keywords%3Dhead%2Bphones%26qid%3D1745303467%26sr%3D8-17-spons%26sp_csd%3Dd2lkZ2V0TmFtZT1zcF9tdGY%26psc%3D1
"Soundcore Anker Life Q20 Hybrid Active Noise Cancelling Headphones, Wireless Over Ear Bluetooth Headphones, 60H Playtime, Hi-Res Audio, Deep Bass, Memory Foam Ear Cups, Travel, Office",https://m.media-amazon.com/images/I/61UjWbuT5HL._AC_UY218_.jpg,https://www.amazon.com/Soundcore-Cancelling-Headphones-Wireless-Bluetooth/dp/B07NM3RSRQ/ref=sr_1_18?dib=eyJ2IjoiMSJ9.EaSCvnISkG9DUzpobt9ceiMphwYaxUn2uLTp130-lle0zSzPG-hbOlBlN8yvA9l9pMlFfW2QBa9ESEUcvlrBNg_yJoQOLAIlIX7kPup3tgWzCVMRD_tgVOPcwLlD3DVhcf05ToT5yZDmOMRB4Ai9laZ-SBj7u4SwFauxFKjNQajHc5ds0qcXnALNvcr3o69kjdMOCsBfvGIPoVh325DAvEgO4b7W3vAPj1JxErF8Mro.hfAVvR82aGfu7TVJs7T5bNyPuptLykNTVuPIDu7UknY&dib_tag=se&keywords=head+phones&qid=1745303467&sr=8-18
"Headphones Wired with Microphone, Over Ear Foldable 3.5mm Plug in Headphones with 4.9ft Tangle-Free Nylon Cord for Tablet, Laptop, MP3/4, Airplane Travel (Beige)",https://m.media-amazon.com/images/I/61LkSC2WBdL._AC_UY218_.jpg,https://www.amazon.com/Botesty-Sound-Headphones-Microphone-Tangle-Free/dp/B0DMP36MVC/ref=sr_1_19?dib=eyJ2IjoiMSJ9.EaSCvnISkG9DUzpobt9ceiMphwYaxUn2uLTp130-lle0zSzPG-hbOlBlN8yvA9l9pMlFfW2QBa9ESEUcvlrBNg_yJoQOLAIlIX7kPup3tgWzCVMRD_tgVOPcwLlD3DVhcf05ToT5yZDmOMRB4Ai9laZ-SBj7u4SwFauxFKjNQajHc5ds0qcXnALNvcr3o69kjdMOCsBfvGIPoVh325DAvEgO4b7W3vAPj1JxErF8Mro.hfAVvR82aGfu7TVJs7T5bNyPuptLykNTVuPIDu7UknY&dib_tag=se&keywords=head+phones&qid=1745303467&sr=8-19
"JLab JBuds Lux ANC Wireless Headphones, Mauve, Hybrid Active Noise Cancelling, Customizable Sound, Spatial Audio Compatible, Premium Over-Ear Bluetooth Headset",https://m.media-amazon.com/images/I/41410pqIDwL._AC_UY218_.jpg,https://www.amazon.com/JLab-Headphones-Cancelling-Customizable-Compatible/dp/B0CRLXZ5J6/ref=sr_1_20?dib=eyJ2IjoiMSJ9.EaSCvnISkG9DUzpobt9ceiMphwYaxUn2uLTp130-lle0zSzPG-hbOlBlN8yvA9l9pMlFfW2QBa9ESEUcvlrBNg_yJoQOLAIlIX7kPup3tgWzCVMRD_tgVOPcwLlD3DVhcf05ToT5yZDmOMRB4Ai9laZ-SBj7u4SwFauxFKjNQajHc5ds0qcXnALNvcr3o69kjdMOCsBfvGIPoVh325DAvEgO4b7W3vAPj1JxErF8Mro.hfAVvR82aGfu7TVJs7T5bNyPuptLykNTVuPIDu7UknY&dib_tag=se&keywords=head+phones&qid=1745303467&sr=8-20
"Sony WH-CH720N Noise Canceling Wireless Headphones Bluetooth Over The Ear Headset with Microphone and Alexa Built-in, Black New",https://m.media-amazon.com/images/I/51rpbVmi9XL._AC_UY218_.jpg,https://www.amazon.com/Sony-WH-CH720N-Canceling-Headphones-Microphone/dp/B0BS1QCFHX/ref=sr_1_21?dib=eyJ2IjoiMSJ9.EaSCvnISkG9DUzpobt9ceiMphwYaxUn2uLTp130-lle0zSzPG-hbOlBlN8yvA9l9pMlFfW2QBa9ESEUcvlrBNg_yJoQOLAIlIX7kPup3tgWzCVMRD_tgVOPcwLlD3DVhcf05ToT5yZDmOMRB4Ai9laZ-SBj7u4SwFauxFKjNQajHc5ds0qcXnALNvcr3o69kjdMOCsBfvGIPoVh325DAvEgO4b7W3vAPj1JxErF8Mro.hfAVvR82aGfu7TVJs7T5bNyPuptLykNTVuPIDu7UknY&dib_tag=se&keywords=head+phones&qid=1745303467&sr=8-21
"LORELEI X6 Over-Ear Headphones with Microphone, Lightweight Foldable & Portable Stereo Bass Headphones with 1.45M No-Tangle, Wired Headphones for Smartphone Tablet MP3 / 4 (Space Black)",https://m.media-amazon.com/images/I/61+tA0bjw5L._AC_UY218_.jpg,https://www.amazon.com/sspa/click?ie=UTF8&spc=MTo2MTEyNjgyOTg1MjYyNTg1OjE3NDUzMDM0Njc6c3BfYnRmOjIwMDA0NDY1MTQ2MDE5ODo6MDo6&url=%2FLORELEI-X6-Headphones-Microphone-Lightweight%2Fdp%2FB083P1HG9S%2Fref%3Dsr_1_22_sspa%3Fdib%3DeyJ2IjoiMSJ9.EaSCvnISkG9DUzpobt9ceiMphwYaxUn2uLTp130-lle0zSzPG-hbOlBlN8yvA9l9pMlFfW2QBa9ESEUcvlrBNg_yJoQOLAIlIX7kPup3tgWzCVMRD_tgVOPcwLlD3DVhcf05ToT5yZDmOMRB4Ai9laZ-SBj7u4SwFauxFKjNQajHc5ds0qcXnALNvcr3o69kjdMOCsBfvGIPoVh325DAvEgO4b7W3vAPj1JxErF8Mro.hfAVvR82aGfu7TVJs7T5bNyPuptLykNTVuPIDu7UknY%26dib_tag%3Dse%26keywords%3Dhead%2Bphones%26qid%3D1745303467%26sr%3D8-22-spons%26sp_csd%3Dd2lkZ2V0TmFtZT1zcF9idGY%26psc%3D1
bmani Wireless Earbuds Bluetooth Headphones 48hrs Play Back Sport Earphones with LED Display Over-Ear Buds with Earhooks Built-in Mic Headset for Workout Pink,https://m.media-amazon.com/images/I/710mzTUvUiL._AC_UY218_.jpg,https://www.amazon.com/sspa/click?ie=UTF8&spc=MTozODAzNjUxNzg5OTMxNjI1OjE3NDUzMDM0OTI6c3BfYXRmX25leHQ6MzAwNTk2NjA4MjM0OTAyOjowOjo&url=%2FWireless-Bluetooth-Headphones-Earphones-BMANI-VEAT00L%2Fdp%2FB09JC3S2PN%2Fref%3Dsr_1_17_sspa%3Fdib%3DeyJ2IjoiMSJ9.4fjMWvFlNpa2Rwr9oZYEb5NVLjcRK2G6uhSY6Kul0xUXgHHqGwUAld2ZkMiZl9SHCgjata3k3JL5KnCHeUakQXqI_Mb4BDXmOGwAeWF2cBIFf5_zgvh9cbFbTR7E9I7Ui9tIeH8AbAgRHDq0P63NqYDT0-hlxDjRfRVo7bxyNbg0zmTJt6u6xPup8glxYb-396d5KNdsykCbCBWqc7RILf87WKL_B2dWynNbOKnVFeI.aw5gLkjRi2f6FAO7XJNmnR8l8PsUoN1DJbz5WoImjqo%26dib_tag%3Dse%26keywords%3Dhead%2Bphones%26qid%3D1745303492%26sr%3D8-17-spons%26xpid%3Dr9r1Yvw1PtAfr%26sp_csd%3Dd2lkZ2V0TmFtZT1zcF9hdGZfbmV4dA%26psc%3D1
Wireless Earbuds Bluetooth 5.4 Headphones Bass Stereo Ear Buds with Noise Cancelling Mic LED Display in Ear Earphones IP7 Waterproof 36H Playtime for Laptop Pad Phones Sports Workout Rose Gold,https://m.media-amazon.com/images/I/71h+kOBUWqL._AC_UY218_.jpg,https://www.amazon.com/sspa/click?ie=UTF8&spc=MTozODAzNjUxNzg5OTMxNjI1OjE3NDUzMDM0OTI6c3BfYXRmX25leHQ6MzAwNTk3NzM3NzUyODAyOjowOjo&url=%2FBluetooth-Headphones-Cancelling-Earphones-Waterproof%2Fdp%2FB0CX1TJ228%2Fref%3Dsr_1_18_sspa%3Fdib%3DeyJ2IjoiMSJ9.4fjMWvFlNpa2Rwr9oZYEb5NVLjcRK2G6uhSY6Kul0xUXgHHqGwUAld2ZkMiZl9SHCgjata3k3JL5KnCHeUakQXqI_Mb4BDXmOGwAeWF2cBIFf5_zgvh9cbFbTR7E9I7Ui9tIeH8AbAgRHDq0P63NqYDT0-hlxDjRfRVo7bxyNbg0zmTJt6u6xPup8glxYb-396d5KNdsykCbCBWqc7RILf87WKL_B2dWynNbOKnVFeI.aw5gLkjRi2f6FAO7XJNmnR8l8PsUoN1DJbz5WoImjqo%26dib_tag%3Dse%26keywords%3Dhead%2Bphones%26qid%3D1745303492%26sr%3D8-18-spons%26xpid%3Dr9r1Yvw1PtAfr%26sp_csd%3Dd2lkZ2V0TmFtZT1zcF9hdGZfbmV4dA%26psc%3D1
Wireless Bluetooth Headphones Over Ear 65H Playtime HiFi Stereo Headset with Microphone and 6EQ Modes Foldable Bluetooth V5.3 Headphones for Travel Smartphone Computer Laptop Rose Gold,https://m.media-amazon.com/images/I/61kzL5Yt1ML._AC_UY218_.jpg,https://www.amazon.com/Glynzak-Bluetooth-Headphones-Microphone-Smartphone/dp/B0BMLXSNG8/ref=sr_1_19?dib=eyJ2IjoiMSJ9.4fjMWvFlNpa2Rwr9oZYEb5NVLjcRK2G6uhSY6Kul0xUXgHHqGwUAld2ZkMiZl9SHCgjata3k3JL5KnCHeUakQXqI_Mb4BDXmOGwAeWF2cBIFf5_zgvh9cbFbTR7E9I7Ui9tIeH8AbAgRHDq0P63NqYDT0-hlxDjRfRVo7bxyNbg0zmTJt6u6xPup8glxYb-396d5KNdsykCbCBWqc7RILf87WKL_B2dWynNbOKnVFeI.aw5gLkjRi2f6FAO7XJNmnR8l8PsUoN1DJbz5WoImjqo&dib_tag=se&keywords=head+phones&qid=1745303492&sr=8-19&xpid=r9r1Yvw1PtAfr
"kurdene Wireless Earbuds Bluetooth 5.3 in Ear Buds Light Weight Headphones,Deep Bass Sound,Built in Mics Headset,Clear Calls Earphones for Sports Workout",https://m.media-amazon.com/images/I/715fNrGN+ML._AC_UY218_.jpg,https://www.amazon.com/kurdene-Bluetooth-Light-Weight-Headphones-Earphones/dp/B0D635YLCT/ref=sr_1_20?dib=eyJ2IjoiMSJ9.4fjMWvFlNpa2Rwr9oZYEb5NVLjcRK2G6uhSY6Kul0xUXgHHqGwUAld2ZkMiZl9SHCgjata3k3JL5KnCHeUakQXqI_Mb4BDXmOGwAeWF2cBIFf5_zgvh9cbFbTR7E9I7Ui9tIeH8AbAgRHDq0P63NqYDT0-hlxDjRfRVo7bxyNbg0zmTJt6u6xPup8glxYb-396d5KNdsykCbCBWqc7RILf87WKL_B2dWynNbOKnVFeI.aw5gLkjRi2f6FAO7XJNmnR8l8PsUoN1DJbz5WoImjqo&dib_tag=se&keywords=head+phones&qid=1745303492&sr=8-20&xpid=r9r1Yvw1PtAfr
"Boean Bluetooth Headphones, Wireless Headphones with 16 Hours Playtime Bluetooth 5.3 Wireless Earbuds HD Deep Bass Stereo Sound Isolation IPX7 Waterproof Earphones for Workout Running Sports",https://m.media-amazon.com/images/I/618sOXqdTXL._AC_UY218_.jpg,https://www.amazon.com/Bluetooth-Headphones-Waterproof-Earphones-Cancelling/dp/B09KGLRF8J/ref=sr_1_21?dib=eyJ2IjoiMSJ9.4fjMWvFlNpa2Rwr9oZYEb5NVLjcRK2G6uhSY6Kul0xUXgHHqGwUAld2ZkMiZl9SHCgjata3k3JL5KnCHeUakQXqI_Mb4BDXmOGwAeWF2cBIFf5_zgvh9cbFbTR7E9I7Ui9tIeH8AbAgRHDq0P63NqYDT0-hlxDjRfRVo7bxyNbg0zmTJt6u6xPup8glxYb-396d5KNdsykCbCBWqc7RILf87WKL_B2dWynNbOKnVFeI.aw5gLkjRi2f6FAO7XJNmnR8l8PsUoN1DJbz5WoImjqo&dib_tag=se&keywords=head+phones&qid=1745303492&sr=8-21&xpid=r9r1Yvw1PtAfr
"SHOKZ OpenRun - Open-Ear Bluetooth Bone Conduction Sport Headphones, Sweat Resistant Wireless Earphones for Workouts and Running, Built-in Mic, with Hair Band, Black",https://m.media-amazon.com/images/I/41BJP39NtLL._AC_UY218_.jpg,https://www.amazon.com/Shokz-OpenRun-Conduction-Headphones-Built/dp/B09BW1QVVT/ref=sr_1_22?dib=eyJ2IjoiMSJ9.4fjMWvFlNpa2Rwr9oZYEb5NVLjcRK2G6uhSY6Kul0xUXgHHqGwUAld2ZkMiZl9SHCgjata3k3JL5KnCHeUakQXqI_Mb4BDXmOGwAeWF2cBIFf5_zgvh9cbFbTR7E9I7Ui9tIeH8AbAgRHDq0P63NqYDT0-hlxDjRfRVo7bxyNbg0zmTJt6u6xPup8glxYb-396d5KNdsykCbCBWqc7RILf87WKL_B2dWynNbOKnVFeI.aw5gLkjRi2f6FAO7XJNmnR8l8PsUoN1DJbz5WoImjqo&dib_tag=se&keywords=head+phones&qid=1745303492&sr=8-22&xpid=r9r1Yvw1PtAfr
"JBL Tune 770NC - Adaptive Noise Cancelling with Smart Ambient Wireless Over-Ear Headphones, Bluetooth 5.3, Up to 70H Battery Life with Speed Charge, Lightweight, Comfortable & Foldable Design (Black)",https://m.media-amazon.com/images/I/51V1bf76cML._AC_UY218_.jpg,https://www.amazon.com/JBL-TUNE-770NC-Lightweight-comfortable/dp/B0CT9XTKKM/ref=sr_1_23?dib=eyJ2IjoiMSJ9.4fjMWvFlNpa2Rwr9oZYEb5NVLjcRK2G6uhSY6Kul0xUXgHHqGwUAld2ZkMiZl9SHCgjata3k3JL5KnCHeUakQXqI_Mb4BDXmOGwAeWF2cBIFf5_zgvh9cbFbTR7E9I7Ui9tIeH8AbAgRHDq0P63NqYDT0-hlxDjRfRVo7bxyNbg0zmTJt6u6xPup8glxYb-396d5KNdsykCbCBWqc7RILf87WKL_B2dWynNbOKnVFeI.aw5gLkjRi2f6FAO7XJNmnR8l8PsUoN1DJbz5WoImjqo&dib_tag=se&keywords=head+phones&qid=1745303492&sr=8-23&xpid=r9r1Yvw1PtAfr
"Uliptz Wireless Bluetooth Headphones, 65H Playtime, 6 EQ Sound Modes, HiFi Stereo Over Ear Headphones with Microphone, Foldable Lightweight Bluetooth 5.3 Headphones for Travel/Office/Cellphone/PC",https://m.media-amazon.com/images/I/61-ZTbzw6oL._AC_UY218_.jpg,https://www.amazon.com/Uliptz-Bluetooth-Headphones-Microphone-Lightweight/dp/B09NNBBY8F/ref=sr_1_24?dib=eyJ2IjoiMSJ9.4fjMWvFlNpa2Rwr9oZYEb5NVLjcRK2G6uhSY6Kul0xUXgHHqGwUAld2ZkMiZl9SHCgjata3k3JL5KnCHeUakQXqI_Mb4BDXmOGwAeWF2cBIFf5_zgvh9cbFbTR7E9I7Ui9tIeH8AbAgRHDq0P63NqYDT0-hlxDjRfRVo7bxyNbg0zmTJt6u6xPup8glxYb-396d5KNdsykCbCBWqc7RILf87WKL_B2dWynNbOKnVFeI.aw5gLkjRi2f6FAO7XJNmnR8l8PsUoN1DJbz5WoImjqo&dib_tag=se&keywords=head+phones&qid=1745303492&sr=8-24&xpid=r9r1Yvw1PtAfr
Wireless Earbuds Bluetooth 5.4 Headphones Bass Stereo Ear Buds with Noise Cancelling Mic LED Display in Ear Earphones IP7 Waterproof 36H Playtime for Laptop Pad Phones Sports Workout Rose Gold,https://m.media-amazon.com/images/I/71h+kOBUWqL._AC_UY218_.jpg,https://www.amazon.com/Bluetooth-Headphones-Cancelling-Earphones-Waterproof/dp/B0CX1TJ228/ref=sr_1_25?dib=eyJ2IjoiMSJ9.4fjMWvFlNpa2Rwr9oZYEb5NVLjcRK2G6uhSY6Kul0xUXgHHqGwUAld2ZkMiZl9SHCgjata3k3JL5KnCHeUakQXqI_Mb4BDXmOGwAeWF2cBIFf5_zgvh9cbFbTR7E9I7Ui9tIeH8AbAgRHDq0P63NqYDT0-hlxDjRfRVo7bxyNbg0zmTJt6u6xPup8glxYb-396d5KNdsykCbCBWqc7RILf87WKL_B2dWynNbOKnVFeI.aw5gLkjRi2f6FAO7XJNmnR8l8PsUoN1DJbz5WoImjqo&dib_tag=se&keywords=head+phones&qid=1745303492&sr=8-25&xpid=r9r1Yvw1PtAfr
"TOZO A1 Wireless Earbuds Bluetooth 5.3 Light Weight in Ear IPX5 Waterproof Headphones 2 Mic for AI Calls, Immersive Premium Sound Bass Headset with Charging Case, 32 Presets EQ Customization via App",https://m.media-amazon.com/images/I/71Ilitn6B+L._AC_UY218_.jpg,https://www.amazon.com/A1/dp/B09FT58QQP/ref=sr_1_26?dib=eyJ2IjoiMSJ9.4fjMWvFlNpa2Rwr9oZYEb5NVLjcRK2G6uhSY6Kul0xUXgHHqGwUAld2ZkMiZl9SHCgjata3k3JL5KnCHeUakQXqI_Mb4BDXmOGwAeWF2cBIFf5_zgvh9cbFbTR7E9I7Ui9tIeH8AbAgRHDq0P63NqYDT0-hlxDjRfRVo7bxyNbg0zmTJt6u6xPup8glxYb-396d5KNdsykCbCBWqc7RILf87WKL_B2dWynNbOKnVFeI.aw5gLkjRi2f6FAO7XJNmnR8l8PsUoN1DJbz5WoImjqo&dib_tag=se&keywords=head+phones&qid=1745303492&sr=8-26&xpid=r9r1Yvw1PtAfr
"Konohan 32 Pack Headphones Bulk for School Student Classroom Set of Headphones Wire Headset Adjustable with 3.5 mm Jack for Adult(Light Blue, Orange, Blue, Black)",https://m.media-amazon.com/images/I/81CCjM-bgAL._AC_UY218_.jpg,https://www.amazon.com/sspa/click?ie=UTF8&spc=MTozODAzNjUxNzg5OTMxNjI1OjE3NDUzMDM0OTI6c3BfbXRmOjMwMDY3Mzg0OTUxMDAwMjo6MDo6&url=%2FHeadphones-Student-Headphone-Adjustable-Classroom%2Fdp%2FB09WR9QCW5%2Fref%3Dsr_1_27_sspa%3Fdib%3DeyJ2IjoiMSJ9.4fjMWvFlNpa2Rwr9oZYEb5NVLjcRK2G6uhSY6Kul0xUXgHHqGwUAld2ZkMiZl9SHCgjata3k3JL5KnCHeUakQXqI_Mb4BDXmOGwAeWF2cBIFf5_zgvh9cbFbTR7E9I7Ui9tIeH8AbAgRHDq0P63NqYDT0-hlxDjRfRVo7bxyNbg0zmTJt6u6xPup8glxYb-396d5KNdsykCbCBWqc7RILf87WKL_B2dWynNbOKnVFeI.aw5gLkjRi2f6FAO7XJNmnR8l8PsUoN1DJbz5WoImjqo%26dib_tag%3Dse%26keywords%3Dhead%2Bphones%26qid%3D1745303492%26sr%3D8-27-spons%26xpid%3Dr9r1Yvw1PtAfr%26sp_csd%3Dd2lkZ2V0TmFtZT1zcF9tdGY%26psc%3D1
"Y01 Wireless Over Ear Headphones, Noise Canceling Bluetooth 5.3 Headphones with Microphones,Hi-Res Audio,48H Playtime,Foldable,Breathable Soft Earpads for iOS/Android/Samsung/PC-Silver",https://m.media-amazon.com/images/I/61PwRC9pC0L._AC_UY218_.jpg,https://www.amazon.com/sspa/click?ie=UTF8&spc=MTozODAzNjUxNzg5OTMxNjI1OjE3NDUzMDM0OTI6c3BfbXRmOjMwMDczMDQ4MzE1MzIwMjo6MDo6&url=%2FWentronic-Y01-Headphones-Microphones-Breathable%2Fdp%2FB0DNVLLW7Y%2Fref%3Dsr_1_28_sspa%3Fdib%3DeyJ2IjoiMSJ9.4fjMWvFlNpa2Rwr9oZYEb5NVLjcRK2G6uhSY6Kul0xUXgHHqGwUAld2ZkMiZl9SHCgjata3k3JL5KnCHeUakQXqI_Mb4BDXmOGwAeWF2cBIFf5_zgvh9cbFbTR7E9I7Ui9tIeH8AbAgRHDq0P63NqYDT0-hlxDjRfRVo7bxyNbg0zmTJt6u6xPup8glxYb-396d5KNdsykCbCBWqc7RILf87WKL_B2dWynNbOKnVFeI.aw5gLkjRi2f6FAO7XJNmnR8l8PsUoN1DJbz5WoImjqo%26dib_tag%3Dse%26keywords%3Dhead%2Bphones%26qid%3D1745303492%26sr%3D8-28-spons%26xpid%3Dr9r1Yvw1PtAfr%26sp_csd%3Dd2lkZ2V0TmFtZT1zcF9tdGY%26psc%3D1
"Koss KPH7 Lightweight Portable Headphone, Black",https://m.media-amazon.com/images/I/517nUTMioFL._AC_UY218_.jpg,https://www.amazon.com/Koss-KPH7-Lightweight-Portable-Headphone/dp/B006T9ZKAQ/ref=sr_1_29?dib=eyJ2IjoiMSJ9.4fjMWvFlNpa2Rwr9oZYEb5NVLjcRK2G6uhSY6Kul0xUXgHHqGwUAld2ZkMiZl9SHCgjata3k3JL5KnCHeUakQXqI_Mb4BDXmOGwAeWF2cBIFf5_zgvh9cbFbTR7E9I7Ui9tIeH8AbAgRHDq0P63NqYDT0-hlxDjRfRVo7bxyNbg0zmTJt6u6xPup8glxYb-396d5KNdsykCbCBWqc7RILf87WKL_B2dWynNbOKnVFeI.aw5gLkjRi2f6FAO7XJNmnR8l8PsUoN1DJbz5WoImjqo&dib_tag=se&keywords=head+phones&qid=1745303492&sr=8-29&xpid=r9r1Yvw1PtAfr
"JBL Live 770NC - Wireless Over-Ear Headphones with True Adaptive Noise Cancelling with Smart Ambient, Up to 65 Hours of Battery Life, Comfort-fit Fabric Headband & Carrying Pouch (Blue)",https://m.media-amazon.com/images/I/71yRp4u5x0L._AC_UY218_.jpg,https://www.amazon.com/JBL-LIVE-770NC-Headphones-Comfort-fit/dp/B0CT6C579K/ref=sr_1_30?dib=eyJ2IjoiMSJ9.4fjMWvFlNpa2Rwr9oZYEb5NVLjcRK2G6uhSY6Kul0xUXgHHqGwUAld2ZkMiZl9SHCgjata3k3JL5KnCHeUakQXqI_Mb4BDXmOGwAeWF2cBIFf5_zgvh9cbFbTR7E9I7Ui9tIeH8AbAgRHDq0P63NqYDT0-hlxDjRfRVo7bxyNbg0zmTJt6u6xPup8glxYb-396d5KNdsykCbCBWqc7RILf87WKL_B2dWynNbOKnVFeI.aw5gLkjRi2f6FAO7XJNmnR8l8PsUoN1DJbz5WoImjqo&dib_tag=se&keywords=head+phones&qid=1745303492&sr=8-30&xpid=r9r1Yvw1PtAfr
"Bose QuietComfort Bluetooth Headphones, Wireless Headphones with Active Over Ear Noise Cancelling and Mic, Deep Bass, Up to 24 Hours of Playtime, Black",https://m.media-amazon.com/images/I/51aw022aEaL._AC_UY218_.jpg,https://www.amazon.com/Bose-QuietComfort-Cancelling-Headphones-Bluetooth/dp/B0CCZ26B5V/ref=sr_1_31?dib=eyJ2IjoiMSJ9.4fjMWvFlNpa2Rwr9oZYEb5NVLjcRK2G6uhSY6Kul0xUXgHHqGwUAld2ZkMiZl9SHCgjata3k3JL5KnCHeUakQXqI_Mb4BDXmOGwAeWF2cBIFf5_zgvh9cbFbTR7E9I7Ui9tIeH8AbAgRHDq0P63NqYDT0-hlxDjRfRVo7bxyNbg0zmTJt6u6xPup8glxYb-396d5KNdsykCbCBWqc7RILf87WKL_B2dWynNbOKnVFeI.aw5gLkjRi2f6FAO7XJNmnR8l8PsUoN1DJbz5WoImjqo&dib_tag=se&keywords=head+phones&qid=1745303492&sr=8-31&xpid=r9r1Yvw1PtAfr
"Bose Ultra Open Bluetooth Earbuds, True Wireless Earbuds with OpenAudio for Awareness, Clip On Design for Comfort, Immersive Audio, Up to 48 Hrs of Playtime, Diamond - 60th Anniversary Edition",https://m.media-amazon.com/images/I/51uksj6sWQL._AC_UY218_.jpg,https://www.amazon.com/Bose-Earbuds-Immersive-OpenAudio-Awareness/dp/B0D6RSCT69/ref=sr_1_32?dib=eyJ2IjoiMSJ9.4fjMWvFlNpa2Rwr9oZYEb5NVLjcRK2G6uhSY6Kul0xUXgHHqGwUAld2ZkMiZl9SHCgjata3k3JL5KnCHeUakQXqI_Mb4BDXmOGwAeWF2cBIFf5_zgvh9cbFbTR7E9I7Ui9tIeH8AbAgRHDq0P63NqYDT0-hlxDjRfRVo7bxyNbg0zmTJt6u6xPup8glxYb-396d5KNdsykCbCBWqc7RILf87WKL_B2dWynNbOKnVFeI.aw5gLkjRi2f6FAO7XJNmnR8l8PsUoN1DJbz5WoImjqo&dib_tag=se&keywords=head+phones&qid=1745303492&sr=8-32&xpid=r9r1Yvw1PtAfr
"soundcore Life Q30 by Anker, Hybrid Active Noise Cancelling Headphones with Multiple Modes, Hi-Res Sound, Custom EQ via App, 50H Playtime, Comfortable Fit, Bluetooth, Multipoint Connection",https://m.media-amazon.com/images/I/61l8-Y6+9IL._AC_UY218_.jpg,https://www.amazon.com/Soundcore-Cancelling-Headphones-Comfortable-Bluetooth/dp/B08HMWZBXC/ref=sr_1_33?dib=eyJ2IjoiMSJ9.4fjMWvFlNpa2Rwr9oZYEb5NVLjcRK2G6uhSY6Kul0xUXgHHqGwUAld2ZkMiZl9SHCgjata3k3JL5KnCHeUakQXqI_Mb4BDXmOGwAeWF2cBIFf5_zgvh9cbFbTR7E9I7Ui9tIeH8AbAgRHDq0P63NqYDT0-hlxDjRfRVo7bxyNbg0zmTJt6u6xPup8glxYb-396d5KNdsykCbCBWqc7RILf87WKL_B2dWynNbOKnVFeI.aw5gLkjRi2f6FAO7XJNmnR8l8PsUoN1DJbz5WoImjqo&dib_tag=se&keywords=head+phones&qid=1745303492&sr=8-33&xpid=r9r1Yvw1PtAfr
"Wired Earbuds with Microphone 5 Pack, in-Ear Headphones with Heavy Bass, High Sound Quality Earphones Compatible with iPad, Laptop, MP3, Android Smartphones, Fits All 3.5mm Jack Device",https://m.media-amazon.com/images/I/713Ivks+PHL._AC_UY218_.jpg,https://www.amazon.com/Earbuds-Microphone-Headphones-Earphones-Compatible/dp/B09MQGTP7Y/ref=sr_1_34?dib=eyJ2IjoiMSJ9.4fjMWvFlNpa2Rwr9oZYEb5NVLjcRK2G6uhSY6Kul0xUXgHHqGwUAld2ZkMiZl9SHCgjata3k3JL5KnCHeUakQXqI_Mb4BDXmOGwAeWF2cBIFf5_zgvh9cbFbTR7E9I7Ui9tIeH8AbAgRHDq0P63NqYDT0-hlxDjRfRVo7bxyNbg0zmTJt6u6xPup8glxYb-396d5KNdsykCbCBWqc7RILf87WKL_B2dWynNbOKnVFeI.aw5gLkjRi2f6FAO7XJNmnR8l8PsUoN1DJbz5WoImjqo&dib_tag=se&keywords=head+phones&qid=1745303492&sr=8-34&xpid=r9r1Yvw1PtAfr
"JBL Tune 720BT - Wireless Over-Ear Headphones with JBL Pure Bass Sound, Bluetooth 5.3, Up to 76H Battery Life and Speed Charge, Lightweight, Comfortable and Foldable Design (Black)",https://m.media-amazon.com/images/I/61EL2AKKcBL._AC_UY218_.jpg,https://www.amazon.com/JBL-TUNE-720BT-Lightweight-comfortable/dp/B0CTBCDD6D/ref=sr_1_35?dib=eyJ2IjoiMSJ9.4fjMWvFlNpa2Rwr9oZYEb5NVLjcRK2G6uhSY6Kul0xUXgHHqGwUAld2ZkMiZl9SHCgjata3k3JL5KnCHeUakQXqI_Mb4BDXmOGwAeWF2cBIFf5_zgvh9cbFbTR7E9I7Ui9tIeH8AbAgRHDq0P63NqYDT0-hlxDjRfRVo7bxyNbg0zmTJt6u6xPup8glxYb-396d5KNdsykCbCBWqc7RILf87WKL_B2dWynNbOKnVFeI.aw5gLkjRi2f6FAO7XJNmnR8l8PsUoN1DJbz5WoImjqo&dib_tag=se&keywords=head+phones&qid=1745303492&sr=8-35&xpid=r9r1Yvw1PtAfr
"Beats Solo 4 - Wireless Bluetooth On-Ear Headphones, Apple & Android Compatible, Up to 50 Hours of Battery Life - Cloud Pink",https://m.media-amazon.com/images/I/51JNqP2C4rL._AC_UY218_.jpg,https://www.amazon.com/Beats-Solo-Ear-Headphones-Compatible/dp/B0CZPGX972/ref=sr_1_36?dib=eyJ2IjoiMSJ9.4fjMWvFlNpa2Rwr9oZYEb5NVLjcRK2G6uhSY6Kul0xUXgHHqGwUAld2ZkMiZl9SHCgjata3k3JL5KnCHeUakQXqI_Mb4BDXmOGwAeWF2cBIFf5_zgvh9cbFbTR7E9I7Ui9tIeH8AbAgRHDq0P63NqYDT0-hlxDjRfRVo7bxyNbg0zmTJt6u6xPup8glxYb-396d5KNdsykCbCBWqc7RILf87WKL_B2dWynNbOKnVFeI.aw5gLkjRi2f6FAO7XJNmnR8l8PsUoN1DJbz5WoImjqo&dib_tag=se&keywords=head+phones&qid=1745303492&sr=8-36&xpid=r9r1Yvw1PtAfr
"Open Ear Sport Headphones, Wireless Bone Conduction Earphones, Built-in 32GB MP3,with Mic, IP68, Sweat & Water Resistant, Up to 8 Hours Battery, Bluetooth 5.3,for Running,Workouts",https://m.media-amazon.com/images/I/61dkdM1j5oL._AC_UY218_.jpg,https://www.amazon.com/sspa/click?ie=UTF8&spc=MTozODAzNjUxNzg5OTMxNjI1OjE3NDUzMDM0OTI6c3BfYnRmOjMwMDY5OTA5Nzk2MzMwMjo6MDo6&url=%2FDEMICEA-Headphones-Conduction-Earphones-Resistant%2Fdp%2FB0CWH7VMD8%2Fref%3Dsr_1_37_sspa%3Fdib%3DeyJ2IjoiMSJ9.4fjMWvFlNpa2Rwr9oZYEb5NVLjcRK2G6uhSY6Kul0xUXgHHqGwUAld2ZkMiZl9SHCgjata3k3JL5KnCHeUakQXqI_Mb4BDXmOGwAeWF2cBIFf5_zgvh9cbFbTR7E9I7Ui9tIeH8AbAgRHDq0P63NqYDT0-hlxDjRfRVo7bxyNbg0zmTJt6u6xPup8glxYb-396d5KNdsykCbCBWqc7RILf87WKL_B2dWynNbOKnVFeI.aw5gLkjRi2f6FAO7XJNmnR8l8PsUoN1DJbz5WoImjqo%26dib_tag%3Dse%26keywords%3Dhead%2Bphones%26qid%3D1745303492%26sr%3D8-37-spons%26xpid%3Dr9r1Yvw1PtAfr%26sp_csd%3Dd2lkZ2V0TmFtZT1zcF9idGY%26psc%3D1
"N18 Neckband Bluetooth Earbuds, Wireless Bluetooth 5.2 Headphones with Microphone, Ultra-Lightweight Comfort, IPX7 Waterproof, Deep Bass Strong Beat, 20H Playtime, Magnetic Earphones -Black",https://m.media-amazon.com/images/I/51+UtHUOipL._AC_UY218_.jpg,https://www.amazon.com/sspa/click?ie=UTF8&spc=MTozODAzNjUxNzg5OTMxNjI1OjE3NDUzMDM0OTI6c3BfYnRmOjIwMDA4NzczNjkzOTE5ODo6MDo6&url=%2FTONEMAC-Headphones-Microphone-Ultra-Lightweight-Waterproof%2Fdp%2FB0B9MCKZJF%2Fref%3Dsr_1_38_sspa%3Fdib%3DeyJ2IjoiMSJ9.4fjMWvFlNpa2Rwr9oZYEb5NVLjcRK2G6uhSY6Kul0xUXgHHqGwUAld2ZkMiZl9SHCgjata3k3JL5KnCHeUakQXqI_Mb4BDXmOGwAeWF2cBIFf5_zgvh9cbFbTR7E9I7Ui9tIeH8AbAgRHDq0P63NqYDT0-hlxDjRfRVo7bxyNbg0zmTJt6u6xPup8glxYb-396d5KNdsykCbCBWqc7RILf87WKL_B2dWynNbOKnVFeI.aw5gLkjRi2f6FAO7XJNmnR8l8PsUoN1DJbz5WoImjqo%26dib_tag%3Dse%26keywords%3Dhead%2Bphones%26qid%3D1745303492%26sr%3D8-38-spons%26xpid%3Dr9r1Yvw1PtAfr%26sp_csd%3Dd2lkZ2V0TmFtZT1zcF9idGY%26psc%3D1
